lambda,timeout,B,time,probability_sum,p_buffer_0,p_buffer_1,p_buffer_2,p_buffer_3,p_broker_busy,p_timer_active,average_buffer,average_in_service,effective_arrival_rate,batch_completion_rate,message_completion_rate,cumulative_batches,cumulative_messages
0.25,3,3,0.0,1.000000000000,1.000000000000,0.000000000000,0.000000000000,0.000000000000,0.000000000000,0.000000000000,0.000000000000,0.000000000000,0.250000000000,0.000000000000,0.000000000000,0.000000000000,0.000000000000
0.25,3,3,0.5,1.000000000000,0.882496902585,0.117503097415,0.000000000000,0.000000000000,0.000000000000,0.117503097415,0.117503097415,0.000000000000,0.250000000000,0.000000000000,0.000000000000,0.000000000000,0.000000000000
0.25,3,3,1.0,1.000000000000,0.779645746034,0.207392239026,0.012962014939,0.000000000000,0.000844962963,0.220354253966,0.233316268905,0.002534888889,0.250000000000,0.000844962963,0.002534888889,0.000211240741,0.000633722222
0.25,3,3,1.5,1.000000000000,0.691070135677,0.274613050217,0.034316814105,0.000000000000,0.003545244758,0.308929864323,0.343246678428,0.010635734275,0.250000000000,0.003545244758,0.010635734275,0.001308792671,0.003926378013
0.25,3,3,2.0,1.000000000000,0.615959108151,0.323462921372,0.060577627933,0.000000342545,0.008232180218,0.384040891849,0.444619204872,0.024696540655,0.249999914364,0.008232180218,0.024696540655,0.004253148915,0.012759446746
0.25,3,3,2.5,1.000000000000,0.553217314737,0.357639066962,0.089141447293,0.000002171008,0.014605760258,0.446782685263,0.535928474572,0.043817280775,0.249999457248,0.014605760258,0.043817280775,0.009962634034,0.029887902103
0.25,3,3,3.0,1.000000000000,0.501588815778,0.380284920039,0.118118972233,0.000007291950,0.022195818930,0.498411184222,0.616544740354,0.066587456791,0.249998177013,0.022195818930,0.066587456791,0.019163028832,0.057489086495
0.25,3,3,3.5,1.000000000000,0.556886845735,0.338534324490,0.104561260339,0.000017569435,0.127640175794,0.443113154265,0.547709553474,0.230283061460,0.249995607641,0.127640175794,0.230283061460,0.056622027513,0.131706716057
0.25,3,3,4.0,1.000000000000,0.594934597654,0.312148555981,0.092882491097,0.000034355268,0.180542819021,0.405065402346,0.498016603979,0.311038114539,0.249991411183,0.180542819021,0.311038114539,0.133667776216,0.267037010057
0.25,3,3,4.5,1.000000000000,0.617936245737,0.298010577758,0.083955608507,0.000097567998,0.201932239315,0.382059844117,0.466214498765,0.342274196390,0.249975608001,0.201932239315,0.342274196390,0.229286540800,0.430365087790
0.25,3,3,5.0,1.000000000000,0.628622448084,0.292915125977,0.078231925539,0.000230500400,0.205260943078,0.371359067707,0.450070478256,0.345504497013,0.249942374900,0.205260943078,0.345504497013,0.331084836398,0.602309761140
0.25,3,3,5.5,1.000000000000,0.629801861173,0.293997776082,0.075788974004,0.000411388741,0.199040334760,0.370150215234,0.446809890311,0.334451216876,0.249897152815,0.199040334760,0.334451216876,0.432160155858,0.772298689613
0.25,3,3,6.0,1.000000000000,0.624076044501,0.298901322100,0.076420273952,0.000602359447,0.188530724930,0.375830873507,0.453548948344,0.317615341733,0.249849410138,0.188530724930,0.317615341733,0.529052920780,0.935315329265
0.25,3,3,6.5,1.000000000000,0.613695981999,0.305801759007,0.079730728488,0.000771530506,0.176864597492,0.386151771643,0.467577807501,0.300012606574,0.249807117373,0.176864597492,0.300012606574,0.620401751386,1.089722316342
0.25,3,3,7.0,1.000000000000,0.607604948141,0.309312510469,0.082181625115,0.000900916276,0.172892050615,0.391723339529,0.476378509526,0.294505927009,0.249774770931,0.172892050615,0.294505927009,0.707840913413,1.238351949738
0.25,3,3,7.5,1.000000000000,0.605339298980,0.310153606873,0.083519002659,0.000988091489,0.173609494480,0.393467984110,0.480155886656,0.296191953459,0.249752977128,0.173609494480,0.296191953459,0.794466299687,1.386026419855
0.25,3,3,8.0,1.000000000000,0.605693394736,0.309387804028,0.083879379124,0.001039422113,0.176402269906,0.392737412476,0.480264828613,0.300908032256,0.249740144472,0.176402269906,0.300908032256,0.881969240783,1.535301416283
0.25,3,3,8.5,1.000000000000,0.607379896233,0.307977611085,0.083575969281,0.001066523402,0.179467100451,0.390834576992,0.478329119851,0.305838953149,0.249733369150,0.179467100451,0.305838953149,0.970936583372,1.686988162634
0.25,3,3,9.0,1.000000000000,0.609324967747,0.306626722670,0.082967699938,0.001080609645,0.181777338432,0.388802494523,0.475803951481,0.309436110645,0.249729847589,0.181777338432,0.309436110645,1.061247693093,1.840806928583
0.25,3,3,9.5,1.000000000000,0.610764775392,0.305761527567,0.082384200672,0.001089496369,0.182897143972,0.387364432987,0.473798418017,0.311104240807,0.249727625908,0.182897143972,0.311104240807,1.152416313694,1.995942016446
0.25,3,3,10.0,1.000000000000,0.611241293965,0.305573622207,0.082087920647,0.001097163181,0.182779680500,0.386942410985,0.473040953045,0.310865108049,0.249725709205,0.182779680500,0.310865108049,1.243835519812,2.151434353660
0.25,3,3,10.5,1.000000000000,0.611071129632,0.305785871461,0.082038325826,0.001104673080,0.182117727599,0.387159714478,0.473176542355,0.309819296352,0.249723831730,0.182117727599,0.309819296352,1.335059871836,2.306605454760
0.25,3,3,11.0,1.000000000000,0.610621073615,0.306130552424,0.082136746472,0.001111627488,0.181417705802,0.387631496126,0.473738927833,0.308750978021,0.249722093128,0.181417705802,0.308750978021,1.425943730187,2.461248023353
0.25,3,3,11.5,1.000000000000,0.610171816248,0.306427291795,0.082283657046,0.001117234912,0.180942660473,0.388079466585,0.474346310622,0.308053626477,0.249720691272,0.180942660473,0.308053626477,1.516533821755,2.615449174478
0.25,3,3,12.0,1.000000000000,0.609877824896,0.306593871648,0.082407262369,0.001121041087,0.180758223923,0.388358695013,0.474771519646,0.307811456226,0.249719739728,0.180758223923,0.307811456226,1.606959042854,2.769415445154
0.25,3,3,12.5,1.000000000000,0.609778299298,0.306625946962,0.082472636178,0.001123117563,0.180806859147,0.388439757438,0.474940572006,0.307921457634,0.249719220609,0.180806859147,0.307921457634,1.697350313622,2.923348673619
0.25,3,3,13.0,1.000000000000,0.609829473853,0.306567403070,0.082479213159,0.001123909918,0.180975387516,0.388373621113,0.474897559141,0.308201887010,0.249719022521,0.180975387516,0.308201887010,1.787795875287,3.077379509780
0.25,3,3,13.5,1.000000000000,0.609940851698,0.306482737283,0.082452428114,0.001123982905,0.181143520545,0.388254834785,0.474759542225,0.308468549424,0.249719004274,0.181143520545,0.308468549424,1.878325602303,3.231547118888
0.25,3,3,14.0,1.000000000000,0.610044343132,0.306414628587,0.082417216993,0.001123811288,0.181250339148,0.388150450157,0.474620496438,0.308632235873,0.249719047178,0.181250339148,0.308632235873,1.968924067226,3.385822315213
0.25,3,3,14.5,1.000000000000,0.610106565632,0.306379858413,0.082389891579,0.001123684376,0.181285761713,0.388090971316,0.474530694698,0.308682500001,0.249719078906,0.181285761713,0.308682500001,2.059558092441,3.540150999181
0.25,3,3,15.0,1.000000000000,0.610123633335,0.306375931556,0.082376731041,0.001123704068,0.181269295342,0.388077546483,0.474500505841,0.308653142791,0.249719073983,0.181269295342,0.308653142791,2.150196856705,3.694484909879
1,3,3,0.0,1.000000000000,1.000000000000,0.000000000000,0.000000000000,0.000000000000,0.000000000000,0.000000000000,0.000000000000,0.000000000000,1.000000000000,0.000000000000,0.000000000000,0.000000000000,0.000000000000
1,3,3,0.5,1.000000000000,0.606530659713,0.393469340287,0.000000000000,0.000000000000,0.000000000000,0.393469340287,0.393469340287,0.000000000000,1.000000000000,0.000000000000,0.000000000000,0.000000000000,0.000000000000
1,3,3,1.0,1.000000000000,0.403371953647,0.477302437082,0.119325609271,0.000000000000,0.035492512476,0.596628046353,0.715953655624,0.106477537427,1.000000000000,0.035492512476,0.106477537427,0.008873128119,0.026619384357
1,3,3,1.5,1.000000000000,0.337410461986,0.445465616479,0.217123921535,0.000000000000,0.114280301838,0.662589538014,0.879713459548,0.342840905514,1.000000000000,0.114280301838,0.342840905514,0.046316331697,0.138948995092
1,3,3,2.0,1.000000000000,0.337628413735,0.394971252589,0.266786592489,0.000613741187,0.202293130498,0.662371586265,0.930385661128,0.606879391494,0.999386258813,0.202293130498,0.606879391494,0.125459689781,0.376379069344
1,3,3,2.5,1.000000000000,0.355734538712,0.359797488236,0.281595335145,0.002872637907,0.273649540088,0.644265461288,0.931606072246,0.820948620264,0.997127362093,0.273649540088,0.820948620264,0.244445357428,0.733336072283
1,3,3,3.0,1.000000000000,0.370148696207,0.342850591231,0.279910308349,0.007090404213,0.320361627840,0.629851303793,0.923942420567,0.961084883519,0.992909595787,0.320361627840,0.961084883519,0.392948149410,1.178844448229
1,3,3,3.5,1.000000000000,0.454877709948,0.317592879612,0.214979826788,0.012549583652,0.424680326526,0.545122290052,0.785201284145,1.176092554849,0.987450416348,0.424680326526,1.176092554849,0.579208638001,1.713138807821
1,3,3,4.0,1.000000000000,0.453696730173,0.337129363499,0.191061531961,0.018112374367,0.435381091284,0.546303269827,0.773589550523,1.179743732944,0.981887625633,0.435381091284,1.179743732944,0.794223992453,2.302097879769
1,3,3,4.5,1.000000000000,0.425921467983,0.354930041665,0.194912315686,0.024236174665,0.414812471445,0.573520031965,0.817463197034,1.121697465279,0.975763825335,0.414812471445,1.121697465279,1.006772383136,2.877458179325
1,3,3,5.0,1.000000000000,0.403638273681,0.359151267476,0.207443253701,0.029767205142,0.396908936452,0.594392606596,0.863339390303,1.079865596499,0.970232794858,0.396908936452,1.079865596499,1.209702735110,3.427848944770
1,3,3,5.5,1.000000000000,0.395219999353,0.354422952170,0.217097165116,0.033259883361,0.391167298562,0.600993232933,0.888396932485,1.072343729296,0.966740116639,0.391167298562,1.072343729296,1.406721793863,3.965901276218
1,3,3,6.0,1.000000000000,0.396411316516,0.347995371218,0.220891624283,0.034701687984,0.394005587701,0.598119541677,0.893883683734,1.086223981990,0.965298312016,0.394005587701,1.086223981990,1.603015015429,4.505543204040
1,3,3,6.5,1.000000000000,0.400668051973,0.343834940841,0.220542405956,0.034954601230,0.399280204195,0.592607824846,0.889783556442,1.104233824756,0.965045398770,0.399280204195,1.104233824756,1.801336463403,5.053157655727
1,3,3,7.0,1.000000000000,0.408695296253,0.341271632283,0.215173831605,0.034859239859,0.407936425950,0.582549460875,0.876197015070,1.124978683017,0.965140760141,0.407936425950,1.124978683017,2.003140620939,5.610460782670
1,3,3,7.5,1.000000000000,0.412198091571,0.342201719180,0.210744741770,0.034855447480,0.411845125820,0.578252063783,0.868257545158,1.132304005797,0.965144552520,0.411845125820,1.132304005797,2.208086008882,6.174781454874
1,3,3,8.0,1.000000000000,0.410978507216,0.344470175276,0.209467461253,0.035083856255,0.410875403441,0.579545944736,0.868656666548,1.128349954577,0.964916143745,0.410875403441,1.128349954577,2.413766141197,6.739944944967
1,3,3,8.5,1.000000000000,0.408089621690,0.345979616645,0.210486342545,0.035444419121,0.408130886950,0.582735261679,0.873285559097,1.121393494984,0.964555580879,0.408130886950,1.121393494984,2.618517713795,7.302380807357
1,3,3,9.0,1.000000000000,0.406007527981,0.346168185615,0.212080378335,0.035743908070,0.406129245654,0.584998571896,0.877560666493,1.117204007384,0.964256091930,0.406129245654,1.117204007384,2.822082746946,7.862030182949
1,3,3,9.5,1.000000000000,0.405423867306,0.345566145490,0.213131482363,0.035878504841,0.405591351259,0.585593727135,0.879464624739,1.116870615999,0.964121495159,0.405591351259,1.116870615999,3.025012896174,8.420548838795
1,3,3,10.0,1.000000000000,0.405830042134,0.344887346719,0.213411242275,0.035871368872,0.406025545238,0.585109182959,0.879323937885,1.118709133054,0.964128631128,0.406025545238,1.118709133054,3.227917120298,8.979443776059
1,3,3,10.5,1.000000000000,0.406753681152,0.344443381317,0.212997686590,0.035805250941,0.406967640368,0.584026148162,0.877854507319,1.121226011491,0.964194749059,0.406967640368,1.121226011491,3.431165416700,9.539427562195
1,3,3,11.0,1.000000000000,0.407441250750,0.344398626324,0.212410268933,0.035749853992,0.407668767374,0.583228963371,0.876468726168,1.122750565296,0.964250146008,0.407668767374,1.122750565296,3.634824518635,10.100421706391
1,3,3,11.5,1.000000000000,0.407578953673,0.344619867239,0.212065349467,0.035735829621,0.407815905597,0.583073114237,0.875958055036,1.122835200613,0.964264170379,0.407815905597,1.122835200613,3.838695686878,10.661818147869
1,3,3,12.0,1.000000000000,0.407328393724,0.344863641926,0.212050806987,0.035757157363,0.407570829636,0.583361118616,0.876236727988,1.122083091390,0.964242842637,0.407570829636,1.122083091390,4.042542370686,11.223047720870
1,3,3,12.5,1.000000000000,0.407009347886,0.344978280780,0.212223243596,0.035789127737,0.407254247655,0.583722933263,0.876792151185,1.121315117932,0.964210872263,0.407254247655,1.121315117932,4.246248640009,11.783897273200
1,3,3,13.0,1.000000000000,0.406829261970,0.344957215916,0.212403019440,0.035810502675,0.407074972762,0.583924531223,0.877194762820,1.120974432252,0.964189497325,0.407074972762,1.120974432252,4.449830945113,12.344469660746
1,3,3,13.5,1.000000000000,0.406816105416,0.344874914046,0.212494250633,0.035814729905,0.407062086305,0.583937510419,0.877307605029,1.121048810793,0.964185270095,0.407062086305,1.121048810793,4.653365209880,12.904975471507
1,3,3,14.0,1.000000000000,0.406909569799,0.344799976589,0.212482992767,0.035807460846,0.407155828325,0.583829261216,0.877188344660,1.121332074079,0.964192539154,0.407155828325,1.121332074079,4.856919688537,13.465570692725
1,3,3,14.5,1.000000000000,0.407014269626,0.344769878760,0.212417912044,0.035797939569,0.407260974936,0.583709081300,0.876999521557,1.121584770867,0.964202060431,0.407260974936,1.121584770867,5.060523889353,14.026299903962
1,3,3,15.0,1.000000000000,0.407066380024,0.344782709642,0.212358414698,0.035792495637,0.407313576999,0.583649945653,0.876877025948,1.121679742070,0.964207504363,0.407313576999,1.121679742070,5.264167527336,14.587116032196
2,3,3,0.0,1.000000000000,1.000000000000,0.000000000000,0.000000000000,0.000000000000,0.000000000000,0.000000000000,0.000000000000,0.000000000000,2.000000000000,0.000000000000,0.000000000000,0.000000000000,0.000000000000
2,3,3,0.5,1.000000000000,0.367879441171,0.632120558829,0.000000000000,0.000000000000,0.000000000000,0.632120558829,0.632120558829,0.000000000000,2.000000000000,0.000000000000,0.000000000000,0.000000000000,0.000000000000
2,3,3,1.0,1.000000000000,0.302367526196,0.465088315870,0.232544157935,0.000000000000,0.167032242959,0.697632473804,0.930176631739,0.501096728877,2.000000000000,0.167032242959,0.501096728877,0.041758060740,0.125274182219
2,3,3,1.5,1.000000000000,0.400202502896,0.343152852498,0.256644644606,0.000000000000,0.393669538474,0.599797497104,0.856442141710,1.181008615421,2.000000000000,0.393669538474,1.181008615421,0.181933506098,0.545800518294
2,3,3,2.0,1.000000000000,0.421347098859,0.344135033249,0.220653168051,0.013864699841,0.519130502685,0.578652901141,0.827035468874,1.557391508055,1.972270600318,0.519130502685,1.557391508055,0.410133516388,1.230400549163
2,3,3,2.5,1.000000000000,0.390011400231,0.357814737990,0.207773967874,0.044399893904,0.556120517978,0.609988599769,0.906562355452,1.668361553934,1.911200212192,0.556120517978,1.668361553934,0.678946271553,2.036838814660
2,3,3,3.0,1.000000000000,0.368678429422,0.347501247968,0.208068457046,0.075751865564,0.567957573219,0.631321570578,0.990893758752,1.703872719657,1.848496268872,0.567957573219,1.703872719657,0.959965794353,2.879897383058
2,3,3,3.5,1.000000000000,0.378597314707,0.330261084513,0.194981451346,0.096160149435,0.592618448372,0.621402685293,1.008704435509,1.765320383427,1.807679701130,0.592618448372,1.765320383427,1.250109799750,3.747195658829
2,3,3,4.0,1.000000000000,0.374561236465,0.329324973159,0.189767414545,0.106346375831,0.600220657479,0.625438763535,1.027898929742,1.786761667273,1.787307248338,0.600220657479,1.786761667273,1.548319576213,4.635216171504
2,3,3,4.5,1.000000000000,0.371803626080,0.327265642279,0.188468561876,0.112462169765,0.603438670578,0.623889383859,1.041589275326,1.797562067992,1.775075660470,0.603438670578,1.797562067992,1.849234408227,5.531297105320
2,3,3,5.0,1.000000000000,0.372337593902,0.324877667408,0.186597471505,0.116187267185,0.606910051480,0.617119760201,1.046634411972,1.808138750083,1.767625465630,0.606910051480,1.808138750083,2.151821588742,6.432722309839
2,3,3,5.5,1.000000000000,0.372875868196,0.324149092755,0.184823784177,0.118151254872,0.609396010075,0.612777213034,1.048250425726,1.815363686932,1.763697490255,0.609396010075,1.815363686932,2.455898104131,7.338597919093
2,3,3,6.0,1.000000000000,0.372413588645,0.324200786235,0.184113638484,0.119271986635,0.610256787693,0.611936130593,1.050244023110,1.818033553371,1.761456026729,0.610256787693,1.818033553371,2.760811303573,8.246947229168
2,3,3,6.5,1.000000000000,0.371922181867,0.324025756035,0.184043651467,0.120008410632,0.610443780461,0.612000992085,1.052138290864,1.818905727702,1.759983178736,0.610443780461,1.818905727702,3.065986445611,9.156182049436
2,3,3,7.0,1.000000000000,0.371974280097,0.323685275066,0.183895072669,0.120445372168,0.610780908201,0.611272845197,1.052811536907,1.820066506771,1.759109255664,0.610780908201,1.820066506771,3.371292617777,10.065925108055
2,3,3,7.5,1.000000000000,0.372028230430,0.323575339008,0.183740361315,0.120656069247,0.611024637557,0.610960818417,1.053024269379,1.820918374585,1.758687861506,0.611024637557,1.820918374585,3.676744004216,10.976171328394
2,3,3,8.0,1.000000000000,0.372002870805,0.323566340661,0.183665058061,0.120765730473,0.611128216373,0.610879256173,1.053193648203,1.821335988877,1.758468539053,0.611128216373,1.821335988877,3.982282217699,11.886734919259
2,3,3,8.5,1.000000000000,0.371980639250,0.323551124703,0.183631945617,0.120836290430,0.611177174236,0.610802262738,1.053323887227,1.821550127431,1.758327419140,0.611177174236,1.821550127431,4.287858565351,12.797456448336
2,3,3,9.0,1.000000000000,0.371977115207,0.323532753612,0.183610102186,0.120880028996,0.611211205757,0.610732995747,1.053393044970,1.821688324127,1.758239942009,0.611211205757,1.821688324127,4.593455660350,13.708266061226
2,3,3,9.5,1.000000000000,0.371973317805,0.323523957211,0.183598359601,0.120904365382,0.611229442113,0.610708259693,1.053433772561,1.821768368601,1.758191269235,0.611229442113,1.821768368601,4.899065822317,14.619130234408
2,3,3,10.0,1.000000000000,0.371968288212,0.323519211551,0.183594634789,0.120917865448,0.611236801005,0.610705998937,1.053462077474,1.821811372800,1.758164269103,0.611236801005,1.821811372800,5.204682383096,15.530025169759
2,3,3,10.5,1.000000000000,0.371968360341,0.323514717689,0.183591449891,0.120925472079,0.611243077286,0.610696619356,1.053474033709,1.821843641224,1.758149055842,0.611243077286,1.821843641224,5.510302352669,16.440938923265
2,3,3,11.0,1.000000000000,0.371969377027,0.323512872690,0.183588232450,0.120929517833,0.611247907062,0.610688522566,1.053477891090,1.821865926042,1.758140964333,0.611247907062,1.821865926042,5.815925098756,17.351866315081
2,3,3,11.5,1.000000000000,0.371968971149,0.323512730336,0.183586523796,0.120931774719,0.611250084238,0.610685639551,1.053481102084,1.821877354939,1.758136450563,0.611250084238,1.821877354939,6.121549596581,18.262802135326
2,3,3,12.0,1.000000000000,0.371968241021,0.323512525210,0.183586016846,0.120933216924,0.611250809581,0.610684818613,1.053484209673,1.821882757246,1.758133566152,0.611250809581,1.821882757246,6.427174820036,19.173742163373
2,3,3,12.5,1.000000000000,0.371968026905,0.323512069384,0.183585794877,0.120934108834,0.611251289390,0.610684021533,1.053485985641,1.821886245369,1.758131782331,0.611251289390,1.821886245369,6.732800344779,20.084684414026
2,3,3,13.0,1.000000000000,0.371968066792,0.323511773445,0.183585576870,0.120934582893,0.611251698491,0.610683425231,1.053486675863,1.821888772705,1.758130834215,0.611251698491,1.821888772705,7.038426091749,20.995628168545
2,3,3,13.5,1.000000000000,0.371968068375,0.323511683005,0.183585427182,0.120934821437,0.611251935710,0.610683186200,1.053487001681,1.821890334867,1.758130357126,0.611251935710,1.821890334867,7.344052000299,21.906572945438
2,3,3,14.0,1.000000000000,0.371968050558,0.323511651226,0.183585341517,0.120934956700,0.611252060895,0.610683021592,1.053487204359,1.821891239694,1.758130086601,0.611252060895,1.821891239694,7.649677999450,22.817518339078
2,3,3,14.5,1.000000000000,0.371968039651,0.323511629180,0.183585291158,0.120935040011,0.611252132103,0.610682892100,1.053487331528,1.821891767529,1.758129919979,0.611252132103,1.821891767529,7.955304047700,23.728464090884
2,3,3,15.0,1.000000000000,0.371968027691,0.323511615299,0.183585266921,0.120935090089,0.611252167289,0.610682835701,1.053487419407,1.821892066101,1.758129819823,0.611252167289,1.821892066101,8.260930122548,24.639410049292
